{
  "item_id": "l1_prop_l1_softmax_rowwise_int8_r8_acc24_seedvariance_v1_nangate45_r3",
  "completed_trials": 5,
  "success_count": 4,
  "failure_count": 1,
  "success_rate": 0.8,
  "metrics": {
    "critical_path_ns": {
      "best": 20.2495,
      "mean": 20.28665,
      "median": 20.29435,
      "max": 20.3084,
      "range": 0.05889999999999773,
      "stddev": 0.022487607698462683
    },
    "die_area": {
      "best": 105898.1764,
      "mean": 105898.1764,
      "median": 105898.1764,
      "max": 105898.1764,
      "range": 0.0,
      "stddev": 0.0
    },
    "total_power_mw": {
      "best": 1.44,
      "mean": 1.4475,
      "median": 1.45,
      "max": 1.45,
      "range": 0.010000000000000009,
      "stddev": 0.004330127018922197
    }
  },
  "comparison_mode": "same_non_seed_flow_params",
  "comparison_params": {
    "CLOCK_PERIOD": 4.0,
    "CORE_UTILIZATION": 50,
    "PLACE_DENSITY": 0.6
  }
}
