{
  "item_id": "l1_prop_l1_terminal_hardswish_seedvariance_v1_nangate45_r2",
  "completed_trials": 6,
  "success_count": 5,
  "failure_count": 1,
  "success_rate": 0.8333333333333334,
  "metrics": {
    "critical_path_ns": {
      "best": 0.194,
      "mean": 0.19458,
      "median": 0.1945,
      "max": 0.1953,
      "range": 0.0012999999999999956,
      "stddev": 0.0004445222154178561
    },
    "die_area": {
      "best": 25600.0,
      "mean": 25600.0,
      "median": 25600.0,
      "max": 25600.0,
      "range": 0.0,
      "stddev": 0.0
    },
    "total_power_mw": {
      "best": 0.000325,
      "mean": 0.0003252,
      "median": 0.000325,
      "max": 0.000326,
      "range": 1.0000000000000243e-06,
      "stddev": 4.000000000000097e-07
    }
  },
  "comparison_mode": "same_non_seed_flow_params",
  "comparison_params": {
    "CLOCK_PERIOD": 4.0,
    "CORE_AREA": "20 20 140 140",
    "CORE_UTILIZATION": "",
    "DIE_AREA": "0 0 160 160",
    "PLACE_DENSITY": 0.35
  }
}
