{
  "item_id": "l1_prop_l1_softmax_rowwise_int8_r8_acc24_seedvariance_v1_nangate45_r2",
  "completed_trials": 6,
  "success_count": 5,
  "failure_count": 1,
  "success_rate": 0.8333333333333334,
  "metrics": {
    "critical_path_ns": {
      "best": 20.17,
      "mean": 20.282400000000003,
      "median": 20.2756,
      "max": 20.3465,
      "range": 0.17649999999999721,
      "stddev": 0.06429099470376784
    },
    "die_area": {
      "best": 176005.4209,
      "mean": 176005.4209,
      "median": 176005.4209,
      "max": 176005.4209,
      "range": 0.0,
      "stddev": 0.0
    },
    "total_power_mw": {
      "best": 1.1,
      "mean": 1.108,
      "median": 1.11,
      "max": 1.12,
      "range": 0.020000000000000018,
      "stddev": 0.007483314773547889
    }
  },
  "comparison_mode": "same_non_seed_flow_params",
  "comparison_params": {
    "CLOCK_PERIOD": 6.0,
    "CORE_UTILIZATION": 30,
    "PLACE_DENSITY": 0.6
  }
}
