{
  "item_id": "l1_prop_l1_terminal_sigmoid_seedvariance_v2_nangate45_r2",
  "completed_trials": 5,
  "success_count": 5,
  "failure_count": 0,
  "success_rate": 1.0,
  "metrics": {
    "critical_path_ns": {
      "best": 0.1898,
      "mean": 0.19072,
      "median": 0.1905,
      "max": 0.1928,
      "range": 0.0030000000000000027,
      "stddev": 0.0010870142593360937
    },
    "die_area": {
      "best": 25600.0,
      "mean": 25600.0,
      "median": 25600.0,
      "max": 25600.0,
      "range": 0.0,
      "stddev": 0.0
    },
    "total_power_mw": {
      "best": 5.83e-05,
      "mean": 5.8399999999999997e-05,
      "median": 5.84e-05,
      "max": 5.85e-05,
      "range": 1.9999999999999809e-07,
      "stddev": 6.324555320336699e-08
    }
  },
  "comparison_mode": "same_non_seed_flow_params",
  "comparison_params": {
    "CLOCK_PERIOD": 6.0,
    "CORE_AREA": "20 20 140 140",
    "CORE_UTILIZATION": "",
    "DIE_AREA": "0 0 160 160",
    "PLACE_DENSITY": 0.35
  }
}
